{
    "mean": {
        "AUC": 0.826171875,
        "ACC": 0.775,
        "PRE": 0.7694530443756451,
        "SEN": 0.8,
        "F1S": 0.7794652406417113
    },
    "fold": {
        "AUC": [
            0.806640625,
            0.921875,
            0.86328125,
            0.7265625,
            0.8125
        ],
        "ACC": [
            0.75,
            0.90625,
            0.8125,
            0.75,
            0.65625
        ],
        "PRE": [
            0.7222222222222222,
            0.8823529411764706,
            0.7777777777777778,
            0.8333333333333334,
            0.631578947368421
        ],
        "SEN": [
            0.8125,
            0.9375,
            0.875,
            0.625,
            0.75
        ],
        "F1S": [
            0.7647058823529411,
            0.9090909090909091,
            0.8235294117647058,
            0.7142857142857143,
            0.6857142857142857
        ]
    }
}