{
    "mean": {
        "AUC": 0.9171875,
        "ACC": 0.825,
        "PRE": 0.7916310160427809,
        "SEN": 0.9,
        "F1S": 0.839380648591175
    },
    "fold": {
        "AUC": [
            0.8203125,
            0.97265625,
            0.88671875,
            0.9765625,
            0.9296875
        ],
        "ACC": [
            0.6875,
            0.8125,
            0.84375,
            0.90625,
            0.875
        ],
        "PRE": [
            0.65,
            0.7272727272727273,
            0.8235294117647058,
            0.8823529411764706,
            0.875
        ],
        "SEN": [
            0.8125,
            1.0,
            0.875,
            0.9375,
            0.875
        ],
        "F1S": [
            0.7222222222222222,
            0.8421052631578947,
            0.8484848484848485,
            0.9090909090909091,
            0.875
        ]
    }
}