{
    "mean": {
        "AUC": 0.82265625,
        "ACC": 0.78125,
        "PRE": 0.7550942865184351,
        "SEN": 0.8375,
        "F1S": 0.7868990658464343
    },
    "fold": {
        "AUC": [
            0.76953125,
            0.83203125,
            0.857421875,
            0.7890625,
            0.865234375
        ],
        "ACC": [
            0.78125,
            0.75,
            0.84375,
            0.6875,
            0.84375
        ],
        "PRE": [
            0.7647058823529411,
            0.6818181818181818,
            0.7894736842105263,
            0.75,
            0.7894736842105263
        ],
        "SEN": [
            0.8125,
            0.9375,
            0.9375,
            0.5625,
            0.9375
        ],
        "F1S": [
            0.7878787878787878,
            0.7894736842105263,
            0.8571428571428571,
            0.6428571428571429,
            0.8571428571428571
        ]
    }
}