{
    "mean": {
        "AUC": 0.895703125,
        "ACC": 0.81875,
        "PRE": 0.7954925775978408,
        "SEN": 0.875,
        "F1S": 0.8283370359638109
    },
    "fold": {
        "AUC": [
            0.87890625,
            0.89453125,
            0.91796875,
            0.85546875,
            0.931640625
        ],
        "ACC": [
            0.71875,
            0.78125,
            0.875,
            0.84375,
            0.875
        ],
        "PRE": [
            0.6842105263157895,
            0.7368421052631579,
            0.8333333333333334,
            0.9230769230769231,
            0.8
        ],
        "SEN": [
            0.8125,
            0.875,
            0.9375,
            0.75,
            1.0
        ],
        "F1S": [
            0.7428571428571429,
            0.8,
            0.8823529411764706,
            0.8275862068965517,
            0.8888888888888888
        ]
    }
}