{
    "mean": {
        "AUC": 0.86875,
        "ACC": 0.825,
        "PRE": 0.8030555555555555,
        "SEN": 0.8625,
        "F1S": 0.829983660130719
    },
    "fold": {
        "AUC": [
            0.96484375,
            0.8203125,
            0.88671875,
            0.80078125,
            0.87109375
        ],
        "ACC": [
            0.875,
            0.8125,
            0.875,
            0.75,
            0.8125
        ],
        "PRE": [
            0.8,
            0.8125,
            0.875,
            0.75,
            0.7777777777777778
        ],
        "SEN": [
            1.0,
            0.8125,
            0.875,
            0.75,
            0.875
        ],
        "F1S": [
            0.8888888888888888,
            0.8125,
            0.875,
            0.75,
            0.8235294117647058
        ]
    }
}