{
    "mean": {
        "AUC": 0.93515625,
        "ACC": 0.85625,
        "PRE": 0.8688725490196079,
        "SEN": 0.85,
        "F1S": 0.8550961293608352
    },
    "fold": {
        "AUC": [
            0.95703125,
            0.90234375,
            0.9140625,
            0.98046875,
            0.921875
        ],
        "ACC": [
            0.875,
            0.8125,
            0.875,
            0.875,
            0.84375
        ],
        "PRE": [
            0.875,
            0.8125,
            0.8333333333333334,
            1.0,
            0.8235294117647058
        ],
        "SEN": [
            0.875,
            0.8125,
            0.9375,
            0.75,
            0.875
        ],
        "F1S": [
            0.875,
            0.8125,
            0.8823529411764706,
            0.8571428571428571,
            0.8484848484848485
        ]
    }
}